r_no,u_no,m_no,t_no,r_date,r_time,r_seat,r_price
1,18,1,6,2022-08-30,8:29,H04.H05.H06,42000
2,36,1,6,2022-08-30,8:29,F06.F07,28000
3,87,1,77,2022-08-31,18:25,D05.D06,28000
4,23,1,91,2022-09-02,8:29,B04.B06.B07.B09.B10.E03,84000
5,47,2,3,2022-08-30,14:00,D04.D06.D07,42000
6,189,2,3,2022-08-30,14:00,G05.G06,20000
7,199,2,3,2022-08-30,14:00,I07.I08,28000
8,112,3,10,2022-08-31,11:46,E05.E06.G04.I06,56000
9,1,3,177,2022-09-04,14:39,C04.D05.D06.D08.F07.F08,60000
10,54,3,140,2022-09-06,8:53,D03.D04.D06.F04.F08,70000
11,34,3,177,2022-09-09,17:32,C04.C05.C06.E04.E05.E06.G06.G07,82000
12,121,3,177,2022-09-09,17:32,I04.I05.I06.I07.I08.I09,60000
13,85,5,11,2022-08-30,13:51,C04.C05.C06.E06.E07,70000
14,98,5,11,2022-08-30,13:51,I08,14000
15,102,5,11,2022-08-30,13:51,H01.H02.I03.I04.I05,70000
16,123,5,11,2022-08-30,13:51,B02.C02,28000
17,133,5,11,2022-08-30,13:51,F03,5000
18,184,5,11,2022-08-30,13:51,G05.G06.G07.G08,56000
19,185,5,132,2022-09-01,16:28,C04.C05.C06.C07,56000
20,80,5,184,2022-09-05,16:28,C05.C06.C07.C08,56000
21,4,5,11,2022-09-05,19:05,D03.D04.D05.F05.F06.H08,84000
22,92,6,130,2022-09-03,21:00,C04.C05.C06.C07.C08.F09.F10.G04,112000
23,42,7,1,2022-08-30,8:45,D05,14000
24,65,7,1,2022-08-30,11:30,B03.B04.B05,42000
25,1,7,1,2022-08-30,11:30,D06.D07.D08.D09,40000
26,166,7,1,2022-08-30,11:30,F05.F06,28000
27,117,7,1,2022-08-30,14:15,F05.F06,20000
28,132,7,1,2022-08-30,14:15,D04.D05.D06,42000
29,192,7,1,2022-08-30,14:15,H06.H07.H08.H09,40000
30,128,7,1,2022-08-30,17:00,D04.D05.D06.D07.D08.F05,84000
31,168,7,1,2022-08-30,17:00,H04.H05.H06.H07.H08.I08.J08.J09,112000
32,4,7,1,2022-08-30,19:45,C01.D02.E02.F02.G02.G04.G06.G07,112000
33,9,7,1,2022-08-30,19:45,D03.D04.D05.D06.F05.F06.F07.F08,112000
34,39,7,1,2022-08-30,22:30,E04.E05.E07.E08.G04.G05.G06.G07,80000
35,138,7,1,2022-08-30,22:30,C03.C04.C05.C06.C07.C08.C09.C10,112000
36,145,7,1,2022-08-31,11:30,G03.G05.G07,30000
37,158,7,1,2022-08-31,11:30,C04.C05.C06.C07,56000
38,26,7,36,2022-09-02,17:00,B03.B04.B06.F06.F07.F08,84000
39,107,7,36,2022-09-02,17:00,D01.D02.H03.H05.H07.H09.H10,98000
40,75,7,1,2022-09-07,11:30,G04.G05.G06,30000
41,197,7,1,2022-09-07,11:30,E05.E06.E07.E08.E09,70000
42,116,8,4,2022-08-30,12:09,D04.D05,28000
43,3,9,1,2022-08-30,10:36,H04.H05.H06.H07.H08,25000
44,1,9,1,2022-08-30,10:36,C07.C08.C09.C10.E08.E09.E10,98000
45,58,9,1,2022-08-30,10:36,E03.E04.E05.E06,56000
46,92,9,1,2022-08-30,10:36,G01.G02.G03,30000
47,110,9,1,2022-08-30,10:36,J04.J05.J06.J07.J08.J09,30000
48,140,9,1,2022-08-30,10:36,G04.G05.G06.G07.G08.G09.G10,98000
49,167,9,1,2022-08-30,10:36,D04.D05.D06.D07.F05.F06.F07.F08,96000
50,3,1,1,2022-08-30,12:54,B05.B06.B08.D04.D05.D06,84000
51,87,9,1,2022-08-30,12:54,B07.D07.E07.F07.G07.H07.I07.J07,112000
52,99,9,1,2022-08-30,12:54,E03.E04.E05.E06.G05.G06.G08.G09,96000
53,199,9,1,2022-08-30,12:54,C02.E02.F02.G02.H01,50000
54,8,9,1,2022-08-30,15:12,A02.B02.C02.D02.E02.G04.G06.G07,112000
55,24,9,1,2022-08-30,15:12,A08.B08.E08.F08.G08.I04.I05,70000
56,118,9,1,2022-08-30,15:12,H03.H04.H06.H07.H08.H09.I07.I08,112000
57,183,9,1,2022-08-30,15:12,A04.A05.A06.D05.D06.D07,84000
58,6,9,1,2022-08-30,17:30,A05.A07.A08.A09.A10.B04.B06.B07,112000
59,31,9,1,2022-08-30,17:30,A01.A02.B01.B02.C01.C02.C04.C05,112000
60,47,9,1,2022-08-30,17:30,F05.F07.F08.F09.F10.G05.G06.G07,80000
61,47,9,1,2022-08-30,17:30,G04.H04.H05.H06.H07.H08.H09.H10,112000
62,62,9,1,2022-08-30,17:30,A03.A06.B03.B05.C03.D01.E01.F01,112000
63,87,9,1,2022-08-30,17:30,D07.D08.D09.D10.E04.E05.F04.F06,112000
64,95,9,1,2022-08-30,17:30,C10.D03.E03.F03.G03.H03.I03.J04,112000
65,103,9,1,2022-08-30,17:30,G09.I06.I07.I09.J07.J09.J10,98000
66,116,9,1,2022-08-30,17:30,D02.E02.F02.G02.I01.J01.J02.J03,112000
67,117,9,1,2022-08-30,17:30,A04.B08.B09.B10.C06.C07.C08.C09,112000
68,122,9,1,2022-08-30,17:30,I08.I10.J05.J06.J08,70000
69,124,9,1,2022-08-30,17:30,G01.G08.G10.H01.H02.I02.I04.I05,112000
70,160,9,1,2022-08-30,17:30,D04.D05.D06.E06.E07.E08.E09.E10,112000
71,131,9,8,2022-09-03,15:12,D04.D05.D06.G06.G07.I04.I05.I06,82000
72,142,9,8,2022-09-03,15:12,B04.B05.B06.B07.F04.F05.F06.F07,96000
73,194,9,8,2022-09-03,15:12,E05.E06.E08.E09.H06.H07.H08.H09,86000
74,10,9,82,2022-09-04,12:54,D06.D07.D08.D10.F03.F05.F06.F07,112000
75,62,9,82,2022-09-04,12:54,E04.E05.H05.H09.H10.I04.I06,90000
76,2,9,67,2022-09-05,12:54,A02.B02.C02.D02.E02,70000
77,18,9,67,2022-09-05,12:54,D04.D05.D06.D07.F06.F07.F08.F09,104000
78,47,9,67,2022-09-05,12:54,H04.H06.H07,30000
79,49,9,67,2022-09-05,12:54,A05.A06.A07.A08.A09.A10,30000
80,173,9,82,2022-09-05,12:54,C03.C04.C06.C07.F03.F04.F05.F06,112000
81,197,9,82,2022-09-05,12:54,H03.H04.H05.J03.J05.J07.J08,70000
82,115,10,169,2022-08-30,17:05,E05.E06.E07.E09.G04.G06.G07.G08,104000
83,191,10,169,2022-08-30,17:05,B05.B06.I04.I05.I06.J07.J08,60000
84,48,10,104,2022-09-04,14:52,D04.D05.D06.D07.D08.D09.F05.F06,112000
85,115,10,104,2022-09-04,14:52,C02.E02.G02.H02.I02.J02.J03,70000
86,109,10,127,2022-09-11,12:39,D02.E02.F02,30000
87,114,10,127,2022-09-11,12:39,C08.D08.E08.F08.H08.I08,60000
88,154,10,127,2022-09-11,12:39,C04.C05.C09.C10.E04.E05.E06.E07,112000
89,143,11,35,2022-09-06,20:05,D04.D05.D06.D07.G04.G05.G06,98000
90,146,12,24,2022-09-03,14:03,C04.C06.C08.C09,56000
91,155,12,38,2022-09-03,14:03,D04.D05.D06.D07.F05.F07.F08,98000
92,32,14,25,2022-08-30,13:48,I04.I05,28000
93,45,14,25,2022-08-30,13:48,B03.B04.B05.D05.D06.D07,84000
94,66,14,17,2022-08-30,13:48,H05.H06.H07.H09.H10.I06.I07.I08,112000
95,81,14,17,2022-08-30,13:48,B02.C02.F02.G02.I02.J02.J04.J05,112000
96,132,14,17,2022-08-30,13:48,E04.E05.E06.E07.E08.G04.G05.G06,112000
97,133,14,25,2022-08-30,13:48,J08.J09.J10,30000
98,152,14,17,2022-08-30,13:48,C06.C07.C08.C09,56000
99,174,14,25,2022-08-30,13:48,H07,14000
100,180,14,25,2022-08-30,13:48,F03.F04.F05.F06,56000
101,37,14,17,2022-08-30,16:24,A04.A06.A07.A08.A09.A10.B05.B06,112000
102,38,14,17,2022-08-30,16:24,D05.D06.D07.F04.F05,62000
103,48,14,17,2022-08-30,16:24,G04.G05.G06.G07.G08.G09.G10.I06,112000
104,53,14,17,2022-08-30,16:24,C01.C02.D02.E02.F02.G02.I02.I03,112000
105,47,14,17,2022-08-30,19:00,H06,10000
106,135,14,17,2022-08-30,19:00,E01.E02.F01.F02.H01.H02,84000
107,160,14,17,2022-08-30,19:00,D04.D05.D06,42000
108,175,14,17,2022-08-30,19:00,G03,14000
109,193,14,17,2022-08-30,19:00,F05.F06.F07.F08.F09,70000
110,149,14,37,2022-09-01,13:48,C03.C04.C06.E05.E07.H05,84000
111,4,14,25,2022-09-02,11:12,C03.C04.F06.F07.F08.F09,84000
112,16,14,17,2022-09-02,13:48,D04.D05.D06.D07.G06.G07.G08.G09,80000
113,129,14,17,2022-09-02,13:48,H05.H06.J06.J08.J09.J10,62000
114,166,14,37,2022-09-02,16:24,C03.C04.C05.C06.F05.F06.F07,98000
115,80,14,80,2022-09-03,11:12,D05.D06.D07.D08.F04.F05.F06.F07,112000
116,42,14,42,2022-09-04,11:12,D04.D05.D06.D07.F05.F06.H05,98000
117,113,14,78,2022-09-04,13:48,B03.B05.B06.B07.B08.D04,84000
118,47,14,134,2022-09-05,21:36,D04.D05.D06.H05.H06.I08.I09,98000
119,87,14,134,2022-09-08,11:12,D04.D05.D06.F06,56000
120,64,14,78,2022-09-12,13:48,F05.F07.F08.H04.H05.H07.H08,90000
121,90,19,124,2022-09-04,12:27,C04.C08.E06.E07.E08,70000
122,16,20,4,2022-08-30,16:12,F06,14000
123,125,20,4,2022-08-30,16:12,E03.E04.E05.I04.I05.I06,84000
124,151,20,4,2022-08-30,16:12,B03.B04.B05,30000
125,149,22,44,2022-09-03,10:52,D04.D06.D08,30000
126,169,22,57,2022-09-03,20:36,D05.D06.F05.F06.G01,70000
127,5,22,19,2022-09-04,13:18,D04.D05.D07.D08.G06.G07.G08.G09,91000
128,26,23,2,2022-08-30,6:00,C03.C04.C05.C06.D02.H02.J02.J05,112000
129,33,23,2,2022-08-30,6:00,D03.F03.I03.J03.J04.J06.J07.J08,112000
130,75,23,2,2022-08-30,6:00,E04.E05.E07.E10.F04.F05.F06.F07,112000
131,165,23,2,2022-08-30,6:00,D04.D06.D08.D09.D10.G04.I04.I05,112000
132,7,23,120,2022-08-30,13:03,B04.B06.B07.B08.B09.B10.D04.D05,112000
133,13,23,2,2022-08-30,13:03,C04.C05.C06.C07,56000
134,20,23,2,2022-08-30,13:03,G05.G06,20000
135,34,23,2,2022-08-30,13:03,H03.H05.H06.H10.I04.I07,84000
136,77,23,120,2022-08-30,13:03,F04.F05.F06.F07.F08.F09,60000
137,78,23,120,2022-08-30,13:03,A02.B02.C02.E02.F01,50000
138,153,23,2,2022-08-30,13:03,E04.E06.E07,42000
139,33,23,2,2022-08-30,15:24,E04.E05.E06.E07.E08.E09.G04.G06,112000
140,105,23,2,2022-08-30,15:24,F08.G08.H08.I08.J04.J05.J06.J07,112000
141,154,23,2,2022-08-30,15:24,D04.D06.D08.D10.F04.F05,84000
142,168,23,2,2022-08-30,17:45,H05.H06.H07.H08.H09.H10.I04.I05,112000
143,176,23,2,2022-08-30,17:45,D04.D05.D06.D07.D08.D09.F04.F05,112000
144,183,23,2,2022-08-30,17:45,G03.G04.G05.G06.G09.G10.I07,98000
145,184,23,2,2022-08-30,17:45,C02.D02.G02.H02.J02.J03.J04.J05,112000
146,188,23,2,2022-08-30,20:06,C03.C04.C06.C08.C09.C10.E04,98000
147,13,23,2,2022-09-04,13:03,C04.C05.C06.J04.J05.J06.J07.J08,112000
148,17,23,2,2022-09-04,13:03,H05.H06.H07.H08.H09.H10,60000
149,58,23,2,2022-09-04,13:03,G01.G02.I01.I02.J01.J02,60000
150,84,23,2,2022-09-04,13:03,F04.F05.F06.F07.F08,70000
151,36,23,185,2022-09-05,13:03,G03.G04.G06.G07.G09.G10.H03.H04,112000
152,120,23,185,2022-09-05,13:03,B02.C02.E02.F02.G02,70000
153,141,23,185,2022-09-05,13:03,C04.C05.C06,30000
154,149,23,185,2022-09-05,13:03,F04.F05.F06.F07.F08.H06.H07.H08,80000
155,72,23,51,2022-09-05,17:45,D05.D06.D07.F04.F06.F07.F08,98000
156,96,23,51,2022-09-05,17:45,G04.G05.G07.I07.I10.J04.J05,98000
157,66,23,62,2022-09-06,13:03,C04.C06.C07.C08.F05.F07.F09,98000
158,148,23,114,2022-09-06,13:03,C03.C04.C05.E04.E05.F06.F07.H05,112000
159,151,23,62,2022-09-06,13:03,G05.G07.H07.H08,40000
160,200,23,2,2022-09-09,13:03,D05.D06.G04.G05,56000
161,190,24,58,2022-08-30,14:03,D03.D04.D05.D06.F05.F06.H05,98000
162,190,24,58,2022-08-30,16:44,F05.F06.F07.F08,40000
163,197,24,58,2022-08-30,16:44,D05.D06.H04.H05.H06,58000
164,63,24,128,2022-09-02,14:03,C05.C06.C07.F05.F06,50000
165,26,24,85,2022-09-03,16:44,E07.E08.G03.G04.G06.G07,72000
166,131,24,85,2022-09-03,16:44,C03.C04.C06.C07.C08.C09.E04.E05,112000
167,152,24,85,2022-09-03,16:44,D07.D08.D09.F05.F06.F07.F08,82000
168,195,24,85,2022-09-03,16:44,H05.H06.H07.H08.H09.H10,84000
169,81,24,128,2022-09-06,16:44,E01.F08.G09.H10.I05.I07.J01.J02,112000
170,185,24,128,2022-09-06,16:44,D04.D05.D06.D07.D08.D09.G04.G05,112000
171,57,24,172,2022-09-07,11:22,C04.D04.F04.G04.I04.J04.J05,98000
172,194,24,172,2022-09-07,11:22,C05.C08.C09.C10.E05.E08.E09.E10,112000
173,3,1,112,2022-08-30,8:16,D03.D06.D08.D09.D10.F03.F05.F06,112000
174,95,26,151,2022-08-30,10:32,B04.B05.B06.B07.B08.E05.E06,98000
175,90,27,43,2022-08-30,11:46,C04.C05.C06.C07.F04.F06.F08.H05,112000
176,30,27,27,2022-09-03,8:53,B03.B04.B05.B06.D05.D06.D07,98000
177,52,27,123,2022-09-05,14:39,B04.B05.B06.B07.E05.E06.H05,98000
178,107,27,123,2022-09-05,14:39,G08,14000
179,70,27,86,2022-09-07,17:32,D04.D05.D06.D07.F04.F05.F07.F08,112000
180,186,27,86,2022-09-07,17:32,E05.E07.E08.E09.E10.G05,84000
181,105,27,27,2022-09-12,8:53,E04.E05.E06.E07,56000
182,141,27,27,2022-09-12,8:53,H08.H09,20000
183,6,29,28,2022-08-30,15:42,E01.E02.G02.H02.H04.H05.H07,35000
184,46,29,25,2022-08-30,15:42,A03.A04.A05.C06.C08.C09,84000
185,53,29,25,2022-08-30,15:42,C01.D01.E01.G02.H02,70000
186,68,29,25,2022-08-30,15:42,F08,14000
187,88,29,25,2022-08-30,15:42,H03.H04.H05.H06.I08,50000
188,120,29,25,2022-08-30,15:42,F05.F06,28000
189,139,29,28,2022-08-30,15:42,C03.C04.C05.C06.E06.E07,84000
190,196,29,25,2022-08-30,15:42,D03.D04.D05.D06.D07,70000
191,29,29,21,2022-08-31,12:28,E04.E05.G06.G07,56000
192,36,29,21,2022-08-31,12:28,D05.D06.D07,42000
193,137,29,21,2022-08-31,12:28,H01.H02.I03.I04.I05.I06,66000
194,139,29,21,2022-08-31,12:28,C06.C07.C08.C09.E07.E08.E09.E10,104000
195,179,29,21,2022-08-31,12:28,F01.F02.H04.H05,56000
196,107,29,99,2022-09-02,12:28,G04.G05.G06.I04.I05.I06,84000
197,146,29,99,2022-09-02,12:28,D05.D06,28000
198,195,29,99,2022-09-02,12:28,F07.F08.F09.F10,40000
199,144,29,93,2022-09-03,15:42,H06.H07.H08,42000
200,166,29,93,2022-09-03,15:42,F04.F05.F06.F07,56000
201,169,30,108,2022-09-02,18:08,B03.B04.B06.E06.E07.E08.G05.G07,112000
202,19,31,53,2022-09-04,12:28,D04.D05.D06.G05.G06.I05.I07,98000
203,7,32,31,2022-08-30,13:48,C03.C04.C05.E06.E07,70000
204,25,32,31,2022-08-30,13:48,G04.G06.G07.G08.G09.G10.I05.I06,112000
205,57,32,31,2022-08-30,13:48,H05.H06.H07.H08.H09.H10,84000
206,85,32,31,2022-08-30,13:48,D01.D02.F01.F02,56000
207,118,32,31,2022-08-30,13:48,A06.A07.A08.A09.C06.C07.C08.C09,112000
208,11,32,26,2022-08-30,16:24,H04.H05,28000
209,100,32,31,2022-08-30,16:24,H04.H05.H06.H07.H08,70000
210,100,32,26,2022-08-30,16:24,D04.D05.D06.F03.F04.F05,84000
211,108,32,15,2022-08-30,16:24,I06.I07.I08.I09,56000
212,115,32,31,2022-08-30,16:24,B04.B05.D05.D06.F05.F06.E08,98000
213,118,32,26,2022-08-30,16:24,C01.C02.E01.E02.G01.G02,84000
214,134,32,31,2022-08-30,16:24,G08.G09,28000
215,136,32,15,2022-08-30,16:24,C03.C05.C06.C07.C08.E06,60000
216,152,32,31,2022-08-30,16:24,C01.C02.E03.E04,56000
217,162,32,26,2022-08-30,16:24,H07.H08,28000
218,167,32,15,2022-08-30,16:24,G04.G05,28000
219,34,32,31,2022-08-30,19:00,E05,14000
220,107,32,31,2022-08-30,19:00,B05.B06.D07.D08.F08.F09,58000
221,147,32,31,2022-08-30,19:00,I05.I06.J08.J09,56000
222,148,32,31,2022-08-30,19:00,G04.G05.G06,42000
223,193,32,31,2022-08-30,19:00,C02.D02.E02,42000
224,172,32,182,2022-09-04,13:48,C04.C05.C06.C09.F05.F06.F07.F08,112000
225,46,32,31,2022-09-05,13:48,I04.I05.I06.I07.I08.I09,84000
226,183,32,31,2022-09-05,13:48,E04.E05.G05.G06,56000
227,43,32,15,2022-09-06,19:00,D04.D05.D06.F06.F07.F08,84000
228,159,32,15,2022-09-06,19:00,H05.H06.H07.J06.J08.J09,30000
229,6,32,15,2022-09-11,11:12,A05.A06.A07.G03.G04.H09.H10.J03,77000
230,17,32,15,2022-09-11,11:12,E04.E05.E06.E07.G06.G07.G08,98000
231,23,32,15,2022-09-11,11:12,C05.C06.C07.C08.C09.I05.I06.I07,112000
232,43,35,16,2022-08-30,12:52,F03.F04.F05.F06.I07.I08.J04.J05,80000
233,143,35,16,2022-08-30,12:52,E01.F01.I01.J01,56000
234,179,35,16,2022-08-30,12:52,D05.D07.D08.H05.H06,62000
235,68,36,100,2022-09-03,17:05,C04.C05.C06.E05.E06.F08,84000
236,17,38,102,2022-09-01,10:56,D04.D07.D08.D09.G03.G05.G07,98000
237,190,38,187,2022-09-05,8:28,B06.B07,28000
238,2,46,29,2022-09-08,14:56,H04.H05.H07.H08.J06.J07,60000
239,196,46,29,2022-09-08,14:56,F05.F06.F07,30000
240,139,47,57,2022-08-31,10:00,D03.D04.D05.D06.F05,70000
241,96,50,80,2022-09-03,8:25,B03.B04.B06.B07.D05,70000
242,109,50,80,2022-09-03,8:25,E03.E04.E05.E07.E08,50000
243,126,50,80,2022-09-03,8:25,F06.F07.F08.F09.H04.H07.H08,98000
244,132,53,133,2022-08-31,10:20,B06.B07.B08.D08.D09.I04,84000
245,184,53,133,2022-08-31,10:20,E05.E06.G06.H09,56000
246,120,53,38,2022-09-05,21:10,E04.E05.E06.G06.G07.I06.I07,70000
247,111,54,76,2022-08-31,12:36,C04.C05.C06.F05.F08.F09,84000
248,178,54,39,2022-09-06,12:36,D04.D06.D07.D08,56000
249,91,57,3,2022-08-31,12:16,D04.D05.F06.F07,56000
250,122,57,3,2022-08-31,12:16,H04.H05.I07.I08.I09,50000
251,124,57,3,2022-08-31,12:16,G06.G07.G08.G09.J04.J05.J06,98000
252,190,57,3,2022-08-31,12:16,B05.B06.B07.E07.E08.E09,84000
253,16,57,3,2022-08-31,18:32,E04.E05.G06.F09.B06,70000
254,88,57,3,2022-08-31,18:32,H04.H05.I06.I08.I09,35000
255,67,57,133,2022-09-03,9:08,B04.B05.B06.B08.E05.E06.E08,98000
256,169,57,135,2022-09-05,18:32,B04.B05.B07.B09.B10,70000
257,129,57,75,2022-09-06,12:16,B04.B06.B07.B09.B10.D04.D05.D07,112000
258,105,58,115,2022-09-03,10:56,C05.C07.C09.C10,20000
259,125,58,22,2022-09-03,23:16,D04.D05.D06.G06.G07.G08,60000
260,103,59,4,2022-08-30,11:44,E04.E05.E06.E07.E08,70000
261,165,59,4,2022-08-30,11:44,G05.G06.G07.G08,40000
262,29,67,16,2022-08-30,11:16,A01.A02.B02.C02.D02.F02.J02.J03,112000
263,80,67,16,2022-08-30,11:16,I03.I05.I06,42000
264,112,67,16,2022-08-30,11:16,E09.E10.G04,42000
265,133,67,16,2022-08-30,11:16,E04.E05.E06,42000
266,150,67,16,2022-08-30,11:16,H04.H05.H06.H07.H08.H09.H10,98000
267,172,67,16,2022-08-30,11:16,F03.F04.F06.F07.F08.F09,84000
268,189,67,16,2022-08-30,11:16,B03.B04.B05.B07.B08.B09.B10.D05,112000
269,174,67,103,2022-09-02,8:38,C04.C05.C06.E06.E07,50000
270,171,67,103,2022-09-04,8:38,C05.C06.C07.F04.F05.F06,84000
271,2,70,17,2022-08-30,19:15,B05.B07.B08,30000
272,30,70,17,2022-08-30,19:15,E05.E06.G06.G07,56000
273,38,70,17,2022-08-30,19:15,G01.G02.H04.H05.H06,50000
274,78,72,34,2022-08-31,10:02,C04.C05.C06.F04.F05.H05.H06,98000
275,139,73,158,2022-08-31,16:00,D04.D05.G06.G08,56000
276,9,73,20,2022-09-07,14:00,D03.D04.D05.D06.D08.D09.D10.F04,80000
277,11,73,20,2022-09-07,14:00,C01.C02.F01.F02.H02.I02.J04.J05,112000
278,65,73,20,2022-09-07,14:00,B05.B06.B07.J06.J07.J08,60000
279,86,73,20,2022-09-07,14:00,F06.F07.F09,42000
280,86,73,20,2022-09-07,14:00,H04.H07.H08.H10.I04,70000
281,117,78,102,2022-09-10,10:36,D05.D06.D07.G04.G05.G06.I08.I09,82000
282,70,81,33,2022-09-05,14:50,D06.D08.D09.D10.I04.I06.I08,90000
283,171,81,33,2022-09-05,14:50,C05.C07.C08.F04.F05.F06.F07.H06,77000
284,198,81,74,2022-09-06,14:50,C04.C05.C06.C07.F04.F07.F08,98000
285,133,81,146,2022-09-08,14:50,E04.E06.E07.E08.G06,70000
286,154,81,146,2022-09-08,14:50,I05.J07.J08.J09,40000
287,13,85,166,2022-08-31,12:51,H06.H07.H08.H09.H10.J08.J09,98000
288,20,85,166,2022-08-31,12:51,E04.E05.E06.E07.G07.G08.I05.I06,86000
289,39,85,166,2022-08-31,12:51,D01.E01.F01.G01.H01.I01,84000
290,167,85,166,2022-08-31,12:51,F04.F05.F06.F07.F08,70000
291,177,85,166,2022-08-31,12:51,C05.C06.C07.C08.C09.C10,84000
292,100,85,55,2022-09-02,12:51,C04.C06.C07.E04.E05.E06.E07,98000
293,134,85,70,2022-09-03,15:08,D04.D05.D06.D07.G04.G05,84000
294,7,85,164,2022-09-04,15:08,E04.E05.F06.F07.F08.F09.H06.H07,86000
295,86,85,164,2022-09-04,15:08,G03.G04.G05.G06.I04.I05.I06.I07,104000
296,159,85,164,2022-09-04,15:08,B04.B05.B06.B07.D07.D08.D09.D10,112000
297,40,85,184,2022-09-05,10:34,D04.D05.D06.D07.F05.F06,84000
298,160,86,17,2022-08-30,16:35,D05.D07.D08.H04.H05.I07,72000
299,162,86,17,2022-08-30,16:35,F04.F06.F09.F10.H09.H10.J09,98000
300,188,86,88,2022-09-01,8:07,D06.D07,28000
301,192,86,47,2022-09-02,8:07,E04.E05.E06.G06,56000
302,199,86,47,2022-09-02,8:07,B05.B07.B08.B09.D04.D07.D08,70000
303,106,86,5,2022-09-07,16:35,D05.D06.D07.G04.G05.G06,84000
304,198,87,158,2022-09-05,8:33,D04.D05.D06.D07.F06.F07.H04,98000
305,141,87,74,2022-09-05,11:06,D05.D06.F04.F05.H06.H07.J09,98000
306,84,87,193,2022-09-06,18:45,H04.H06.H07.J08.J09.J10,72000
307,110,87,193,2022-09-06,18:45,C04.C05.C06.C07.F05.F06.F07,98000
308,153,87,193,2022-09-06,18:45,D06.D07.D08.D09.I05.I06.I07.I08,96000
309,29,88,24,2022-08-30,16:24,C03.C04.C05.F05.F06.G06,84000
310,102,88,24,2022-08-30,16:24,H04,10000
311,108,88,24,2022-08-30,16:24,H08,14000
312,131,88,24,2022-08-30,16:24,E04.E05.E06.E07,40000
313,157,88,24,2022-08-30,16:24,C02.D02,28000
314,170,88,24,2022-08-30,16:24,I04.I05.I06.I07.I08.I09.I10,98000
315,2,88,24,2022-09-03,11:12,F01.F02.I03.I05.I06.J06.J08,98000
316,111,88,24,2022-09-03,11:12,D04.D05.D06.D07.G06.G07.G08,86000
317,35,90,60,2022-09-08,12:51,C03.C04.E04.E05.G04.G05,84000
318,111,91,18,2022-08-30,11:28,E04.E05.E06.E07.G05.G06.G07.H09,112000
319,3,91,18,2022-08-30,14:12,B04.B05.B06.B07.D06.D07.D08,98000
320,86,91,2,2022-08-30,14:12,B01.C02.E01,42000
321,124,91,18,2022-08-30,14:12,D03.D04.D05.F03.F04.F05,84000
322,126,91,2,2022-08-30,14:12,C04.C05.C06.C07.C08.C09.E04.E05,112000
323,136,91,2,2022-08-30,14:12,B03.B04.B06.B08.B10.D06.F04.F06,112000
324,192,91,18,2022-08-30,14:12,E07.E08.E09,42000
325,63,91,18,2022-08-30,16:56,H03.H04.I05.I06,20000
326,85,91,18,2022-08-30,16:56,A07.A10.D01.E01.F01.F05.F06.F07,112000
327,142,91,18,2022-08-30,16:56,B05.B07.B08.B10.G05.G06.G07.G09,80000
328,153,91,18,2022-08-30,16:56,H07.H08,28000
329,188,91,18,2022-08-30,16:56,C03.C04.E05.E06.E08.E09.E10.G02,104000
330,199,91,2,2022-08-30,19:40,C04.C05.C06.C07.E06.E07.E08,98000
331,13,91,66,2022-09-03,11:28,H04.H05.H07,30000
332,30,91,66,2022-09-03,11:28,D03.D05.D06.D07.F05.F06.F07,98000
333,1,91,149,2022-09-03,14:12,I04.I06.I07.I08,40000
334,103,91,149,2022-09-03,14:12,J05.J06.J07.J08.J09.J10,60000
335,151,91,149,2022-09-03,14:12,D06.E06.F06.G06.H06,50000
336,183,91,149,2022-09-03,14:12,C04.C05.C06.C08.C09.C10,84000
337,9,91,107,2022-09-06,14:12,D06.E06.F06.G06.H06.I06.J06,98000
338,67,91,107,2022-09-06,14:12,C04.C05.C06.C07.E07.E08,84000
339,30,91,118,2022-09-07,11:28,D08.E08.F08.G08.H08.I08,60000
340,40,91,118,2022-09-07,11:28,B04.B05.B06.B07.B08.D05.D06.D07,112000
341,104,91,118,2022-09-07,11:28,F04.F05.F06.F07.H07.H09.H10.I04,100000
342,174,91,18,2022-09-11,11:28,C03.C04.C05.C07.E05.E06.E07,90000
343,183,91,18,2022-09-11,11:28,G04.G05.G06.I07.I08.I09.J04.J05,100000
344,17,92,29,2022-08-30,15:52,C03.C04.C05.C06.C07.C08,60000
345,26,92,29,2022-08-30,15:52,H04,14000
346,63,92,29,2022-08-30,15:52,I06,10000
347,64,92,29,2022-08-30,15:52,F04.F05.F06.F07,56000
348,126,92,29,2022-08-30,15:52,D02,10000
349,147,92,29,2022-08-30,15:52,E03.E04.E05,42000
350,175,92,29,2022-08-30,15:52,H08,14000
351,17,92,193,2022-09-01,18:20,E01.E02.F02.G02.H02.I03.I04.I05,112000
352,43,92,193,2022-09-01,18:20,D04.D05.D06.F06.F07.F08.H09.I08,112000
353,166,92,193,2022-09-01,18:20,G05.G06.G07.G08.G09.H04,84000
354,171,92,13,2022-09-03,13:24,B04.B05.B06.B07.D06.D07,84000
355,24,92,161,2022-09-12,6:00,C04.D04.E05.E06.E07,70000
356,123,92,161,2022-09-12,6:00,G05.G06.G08.G09.G10.H07,30000
357,185,98,76,2022-09-02,11:28,D04.D06.D07.D09.F04.F06.F09.H05,112000
358,147,103,77,2022-08-31,8:37,D03.D04.F05.F06.H04.H05.I07.I08,68000
359,69,103,119,2022-09-05,11:14,C03.C04.C05.C06.E07.E08.E09.E10,112000
360,170,103,123,2022-09-05,11:14,D04.F06.F07.H04,56000
361,184,103,119,2022-09-05,11:14,B02.C02.E02.F02.H02.I02.J02,98000
362,85,104,27,2022-08-30,16:20,H04.H06.H07.H08.H10.I04.I06.I07,112000
363,112,104,27,2022-08-30,16:20,C03.C04.C09.C10.E05.E06.E08.E09,112000
364,129,104,27,2022-08-30,16:20,D04.D05.D06.D07.D08.D09.G05,98000
365,198,104,27,2022-08-30,16:20,D01.D02.F01.F02,56000
366,37,104,27,2022-08-30,18:55,E05.E07.E08.E09.E10,70000
367,61,104,27,2022-08-30,18:55,I04.I05.I06,42000
368,85,104,27,2022-08-30,18:55,C03.D03.G03.I03.J04.J05.J06,98000
369,93,104,27,2022-08-30,18:55,F05.F06,28000
370,109,104,27,2022-08-30,18:55,H04.H05.H07.H08,40000
371,116,104,27,2022-08-30,18:55,J07,14000
372,120,104,27,2022-08-30,18:55,D07,14000
373,129,104,27,2022-08-30,18:55,C04.C05.C06.C07,56000
374,192,104,27,2022-08-30,18:55,E01.F01.H01.I01.J01,70000
375,122,104,27,2022-09-02,18:55,D03.D04.D05.E05.E07.F05.F08.G03,112000
376,135,104,27,2022-09-02,18:55,B03.G02.H02.I02.J04.J06.J08.J10,112000
377,144,104,27,2022-09-02,18:55,C05.E04.E08.G06.I06,70000
378,172,104,27,2022-09-02,18:55,F04.F06.F07.F09.F10.G05.G07,98000
379,173,104,27,2022-09-02,18:55,A04.A05.A06.A07.C06.C07.C08.C09,112000
380,35,104,49,2022-09-05,13:45,B04.B05.B06.B07.B08.B09,84000
381,108,104,49,2022-09-05,13:45,D04.D05.D07.D08,40000
382,1,104,168,2022-09-06,13:45,D05.D06.D07.D08.F07.F08,84000
383,12,104,64,2022-09-07,13:45,B04.B05.B06.B07.B08.E08.E10.F04,112000
384,138,104,153,2022-09-09,13:45,F09.G09.H09.J01.J02,25000
385,151,104,153,2022-09-09,13:45,I05.I06.I07.I08.I09,50000
386,165,104,153,2022-09-09,13:45,E06.F06.G06.H06,56000
387,188,104,153,2022-09-09,13:45,D04.D05.D06.D07.D08.D09.F03.F04,112000
388,82,104,54,2022-09-11,16:20,H04.H07.H08.H09.I05.I06,58000
389,125,104,54,2022-09-11,16:20,C04.C05.C07.C08.C09.E05.E06,98000
390,28,105,6,2022-08-30,8:51,E04.E05.E07.E08.E09,50000
391,31,105,6,2022-08-30,8:51,C03.C04.C05.C06.C07,70000
392,78,105,6,2022-08-30,8:51,B01.B02.C02.D02.F02.G02,84000
393,136,105,6,2022-08-30,8:51,G05.G09.G10.H04.H05.H06.H07,98000
394,6,105,22,2022-08-30,14:33,H07,10000
395,22,105,22,2022-08-30,14:33,D05.D06.D07,42000
396,24,105,22,2022-08-30,14:33,A04.A05.A06.A07.A08.A10.B04,98000
397,26,105,22,2022-08-30,14:33,G05.G06.G07.G08,56000
398,62,105,22,2022-08-30,14:33,H04,5000
399,93,105,22,2022-08-30,14:33,E04.E05,28000
400,111,105,22,2022-08-30,14:33,F05,14000
401,113,105,22,2022-08-30,14:33,C04.C05.C06.C07,56000
402,115,105,22,2022-08-30,14:33,J08.J09,28000
403,118,105,22,2022-08-30,14:33,F08,14000
404,118,105,22,2022-08-30,14:33,I06.I07,28000
405,157,105,22,2022-08-30,14:33,G01.G02.H01.H02,56000
406,84,105,79,2022-09-07,17:24,B04.B05.B06.D05.D07.F05.F06,98000
407,113,105,79,2022-09-07,17:24,H04.H05.I08.I09,56000
408,51,106,27,2022-08-30,11:14,C04.C05.C06.C07.E04.E05.F06,98000
409,114,106,27,2022-08-30,11:14,C02.D02.F02.G02.H02.I02.J02,98000
410,125,106,27,2022-08-30,11:14,H05.H06.H07.H08,56000
411,6,106,27,2022-08-30,13:51,E05,10000
412,62,106,27,2022-08-30,13:51,C01.C02.E01.E02,56000
413,65,106,27,2022-08-30,13:51,F03.F04.F05.F06.I06.I07.I08.I09,112000
414,83,106,27,2022-08-30,13:51,E04,14000
415,187,106,27,2022-08-30,13:51,H05,5000
416,198,106,27,2022-08-30,13:51,G05.G06.G07.G08,40000
417,41,106,27,2022-08-30,16:28,H09,14000
418,105,106,27,2022-08-30,16:28,B03.B04.B05.B06.C07.C08,84000
419,134,106,27,2022-08-30,16:28,D04.D06.D07.F04.F05,70000
420,142,106,27,2022-08-30,16:28,H05.H06.H07,42000
421,148,106,27,2022-08-30,16:28,I03.I05.I06.I07,56000
422,173,106,27,2022-08-30,16:28,G02,10000
423,198,106,27,2022-08-30,16:28,F07,14000
424,66,106,27,2022-09-01,16:28,D05.D06.D07.D08.D09.D10,84000
425,125,106,27,2022-09-01,16:28,F04.F05.F06.F07.H05.H06.H07.H08,96000
426,120,106,176,2022-09-02,13:51,G04.G05.H06.I07.I08,48000
427,131,106,189,2022-09-02,13:51,D01.D02.G01.G02.I04.I06.I07.I09,112000
428,132,106,176,2022-09-02,13:51,B04.B05.B06.B07.E04.E05.E06,98000
429,196,106,189,2022-09-02,13:51,D04.D05.D06.D07.D08.G05.G07.I08,112000
430,125,106,87,2022-09-03,11:14,C04.C05.C06.C07.E06.E07,84000
431,152,106,87,2022-09-03,11:14,F03.F05.F06.F07.F08.H06.H07,98000
432,174,106,186,2022-09-05,16:28,C03.C07.C08.C09.C10.E04.E05.E06,112000
433,189,106,186,2022-09-05,16:28,G05.G08,20000
434,56,109,60,2022-09-04,11:16,D04.D05.D06.G07.G08,70000
435,195,109,60,2022-09-04,11:16,D02.E02.F02,42000
436,135,109,60,2022-09-04,16:32,D03.D04.D05.D06.F05.F06.F07,98000
437,59,113,5,2022-08-31,8:08,E04.E05.E06.E07,40000
438,199,113,5,2022-08-31,8:08,G05.G06.G07.G08.I05.I06.I07.I08,88000
439,83,115,23,2022-08-30,12:39,F04.F05.F06.F07,56000
440,99,115,23,2022-08-30,12:39,E02.F02,28000
441,120,115,23,2022-08-30,12:39,G03.G04,28000
442,137,115,23,2022-08-30,12:39,E05.E06.E07,42000
443,157,115,23,2022-08-30,12:39,B03.B04.B05.B06,56000
444,9,115,23,2022-08-30,14:52,C03.C04.E05.E06.G07.G08,84000
445,167,116,31,2022-09-05,10:38,C05.F04.F05.F06.G06.G07.H05,98000
446,19,117,29,2022-08-30,14:15,G03.G04.G05.G06.G07.G08.G09,98000
447,54,117,29,2022-08-30,14:15,I06.I07.I08.J06.J07.J08,60000
448,140,117,29,2022-08-30,14:15,E04.E05.E06.E07.E08,70000
449,142,117,29,2022-08-30,14:15,C02.D02.E02.I03.I04,62000
450,183,117,29,2022-08-30,14:15,C03.C04.C05.C06,56000
451,40,118,13,2022-09-01,9:01,F05.F06.D07,42000
452,188,121,35,2022-09-01,11:02,C04.C05.C06.E05.E06.E07.G07,98000
453,89,121,35,2022-09-03,11:02,D04.D05.D06.G04.G05.I06.I07,98000
454,56,121,113,2022-09-04,6:00,B04.B06.B07,42000
455,111,121,115,2022-09-10,16:04,E05.E06.E07.H07.H08.H09,72000
456,150,121,115,2022-09-10,16:04,G04.G06.G07.I04.I05.I07.I08,70000
457,21,122,150,2022-08-30,13:48,C06.D06.F06.H06.J06.J07.J08.J09,112000
458,40,122,20,2022-08-30,13:48,C04.C06.C07.C08.E05.E06.E07.E08,112000
459,42,122,150,2022-08-30,13:48,B04.B05.B06.B07.B08.B09.F04.F05,80000
460,47,122,20,2022-08-30,13:48,G04.G05.G07.G08.G09.I05.I08.I09,112000
461,28,123,15,2022-08-30,14:27,B04.B05.B06.B08.B09.B10.E04.E05,112000
462,113,123,15,2022-08-30,14:27,A03.A04.A05.A06.C03.C04.C05.C06,112000
463,130,123,15,2022-08-30,14:27,J07.J08,28000
464,174,123,15,2022-08-30,14:27,F04.F06.F07.F08.F09.F10.G04.G05,112000
465,183,123,15,2022-08-30,14:27,C01.C02.E02.F02.G02.H02.I04.I06,112000
466,11,123,65,2022-09-02,11:38,C05.C06.C07.C08.E04.E05.E06,98000
467,197,123,108,2022-09-02,11:38,C07.C08.E04.E05.E06.G06,84000
468,80,123,63,2022-09-11,11:38,C05.C06.D06.D07,56000
469,117,123,63,2022-09-11,11:38,F04.F05.F06.F07.H06.H07.H08.H09,112000
470,2,124,32,2022-08-30,17:52,H01.H02.H03.H04.H05.H06.J01.J02,104000
471,42,124,32,2022-08-30,17:52,A04.A05.A06.A07.C01.C02.E01,98000
472,48,124,32,2022-08-30,17:52,D03.D04.D05.D06.D07.D08.D09,98000
473,59,124,32,2022-08-30,17:52,E04.E05.E06.E07.H07.H08.H09.J05,91000
474,80,124,32,2022-08-30,17:52,G05.G06.G07.G08.G09.G10,84000
475,175,124,32,2022-08-30,17:52,C04.C05.C06.C07.I04.I05.I06.I07,112000
476,177,124,32,2022-08-30,17:52,B05.B06.B07.B08.B09.J07.J08.J09,112000
477,179,124,32,2022-08-30,17:52,F04.F05.F06.F07.F08,70000
478,163,124,68,2022-08-31,23:48,D05.D06.D07.D08.D09.F04,84000
479,22,124,68,2022-09-01,14:54,D04.D06.D08.D10.F04.F05.F06.F07,112000
480,122,124,68,2022-09-01,14:54,H04.H05.H06.I06.I07.I08,60000
481,48,124,173,2022-09-02,11:56,D04.D05.D06.D07,56000
482,63,124,141,2022-09-04,8:58,G08.G09.G10.H04,40000
483,101,124,141,2022-09-04,8:58,C04.C05.C07.E04.E05.E06,84000
484,133,124,105,2022-09-06,11:56,C04.C05.C06.F05.F06,70000
485,47,124,101,2022-09-06,17:52,C05.D05.E05.F05.G05,70000
486,147,124,101,2022-09-06,17:52,H05.H06.H07,30000
487,197,124,101,2022-09-06,17:52,C04.C06.C07.C08.C09.E04.E06.E07,112000
488,74,124,106,2022-09-10,17:52,C07.C08.C09.C10.D04.E04.F04.G04,112000
489,96,124,106,2022-09-10,17:52,C06.D06.E06.F06.G06.H06,84000
490,66,125,9,2022-08-30,10:52,C01.E02.F02,42000
491,152,125,9,2022-08-30,10:52,F04.F06.F09.F10.G05,70000
492,174,125,9,2022-08-30,10:52,C03.C04.C05.C06.E05.E09.E10.G04,112000
493,6,125,192,2022-08-30,18:10,D01.E01.F01.G01.H01.F09,84000
494,18,125,192,2022-08-30,18:10,B03.B04.B05.B06.E05.E06.E07.E08,108000
495,26,125,192,2022-08-30,18:10,G03.G05.G06.G07.I07.I08.I09.I10,112000
496,119,125,34,2022-09-04,10:52,D04.D06.D07.F04.F05.H06.H07,98000
497,163,125,98,2022-09-04,13:18,C05.C06.C07.C08.E04.E05,84000
498,31,125,9,2022-09-11,10:52,C04.C05.C06.C07.C08,70000
499,33,125,9,2022-09-11,10:52,H05.H06.H07.H08.H09.H10,84000
500,36,125,9,2022-09-11,10:52,E04.E05.E06.E07.G05.G06.G07.G08,96000
501,36,125,9,2022-09-11,10:52,I03.I04.I05.I06.I07.J06.J07.J08,112000
502,147,125,9,2022-09-11,10:52,F06.F07.F08.F09.F10,70000
503,20,126,78,2022-08-30,13:57,C04.C05.C06.C08.C09.C10.E04.E05,112000
504,55,126,78,2022-08-30,13:57,G04.G05.G06.G08.G09.G10.H05.H06,112000
505,140,126,78,2022-08-30,16:36,B03.B05.B06.B07.B08.D05,84000
506,32,126,78,2022-08-31,11:18,F03.F04.F05.F06.G05.G07.G09.G10,112000
507,37,126,78,2022-08-31,11:18,B04.B06.B07.B08.B09.D05.D06.D07,112000
508,2,126,78,2022-08-31,13:57,B04.B05.B07.B09.E05.E06.E07.E09,112000
509,174,126,78,2022-08-31,13:57,E04.F04.G04.H04.H05.H06.H07.H08,112000
510,141,126,180,2022-09-04,8:39,A05.A08.B09.B10.C01.C02.F02.F03,112000
511,168,126,180,2022-09-04,8:39,F04.F08.F09,30000
512,169,126,180,2022-09-04,8:39,D03.D04.D06.D07.D08.G06.G08.G10,112000
513,48,126,180,2022-09-06,11:18,E03.E04.E05.E06.G05.G06.G07,98000
514,155,126,180,2022-09-06,11:18,B06.B07.D05.D06.D07.D08.F10.G03,112000
515,92,126,137,2022-09-09,13:57,D03.D04.D05.D06.D07.G04.G05.G06,112000
516,70,127,1,2022-08-30,14:09,C01.C02.D02.H02.I02.I03.I04.I05,112000
517,94,127,1,2022-08-30,14:09,C04.C05.C06.C07.C08.F04.F05.F07,112000
518,169,127,1,2022-08-30,14:09,D06.E06.F06.G06.G07.G08.G09.G10,80000
519,29,127,1,2022-08-30,16:52,D03.E03.F03.G03.I04.I05.I06.I07,112000
520,93,127,1,2022-08-30,16:52,B01.C02.D02.F02.G02.H03.H04.H05,112000
521,125,127,1,2022-08-30,16:52,D04.D05.D06.D07.G05.G06.G07.G08,112000
522,176,127,1,2022-08-30,16:52,B04.B05.B06.B07.B08.E05.E06.E07,112000
523,89,127,175,2022-09-03,14:09,C05.C06.C07.C08.C09.E06,84000
524,172,127,175,2022-09-03,14:09,E05.F05.G05.H05.I05,50000
525,142,127,110,2022-09-05,11:26,H04.H05.H07.H08.H09.I05,60000
526,170,127,110,2022-09-05,11:26,C04.C05.F05.F06,56000
527,58,127,125,2022-09-06,8:43,H05.H06.H07.H09.H10.I08,84000
528,68,127,125,2022-09-06,8:43,C05.C06.C07.C08.E05.E06.E07,98000
529,97,127,125,2022-09-06,8:43,G03.H03.I03,30000
530,6,130,30,2022-08-30,15:32,G05.G06.G07.I04.I05.I06.I07,98000
531,14,130,30,2022-08-30,15:32,J05.J06.J07,42000
532,30,130,30,2022-08-30,15:32,E08.F08.G08.H08.I08,70000
533,32,130,30,2022-08-30,15:32,F02.F03.F04.F05.F06.F07,84000
534,40,130,30,2022-08-30,15:32,B04.B05.B06.B07.B08,70000
535,69,130,30,2022-08-30,15:32,G01.G02.H02.H03,56000
536,129,130,30,2022-08-30,15:32,D04.D05.D06,42000
537,139,130,30,2022-08-30,15:32,C02.D02.E02,42000
538,141,130,16,2022-08-30,15:32,C04.C05.C06.C07.F06.F07.F08,98000
539,159,130,16,2022-08-30,15:32,H03.H04,28000
540,165,130,30,2022-08-30,15:32,B09.C09.D09.E09.F09.G09.H09.I09,112000
541,4,130,16,2022-08-31,10:46,C04.C05.C07.C08.C09.G04.G05.G06,112000
542,11,130,16,2022-08-31,10:46,D05.D06.F06.F08.F09.F10.I04,69000
543,146,130,16,2022-08-31,10:46,B02.C02.F02.G02.H05.H06.H07.H08,112000
544,134,130,16,2022-09-10,10:46,B05.B06.D04.D05.D06.F05.F06,90000
545,65,130,48,2022-09-11,10:46,C03.C04.C06.C07.E03.E05.E07.E08,112000
546,59,133,126,2022-08-31,11:38,D04.D05.F04.F05.F06,50000
547,185,133,174,2022-09-07,11:38,E04.F06.F07.F08,40000
548,143,133,40,2022-09-07,17:16,D04.D07.D08.D09.G06.G09.I03.I05,96000
549,57,135,37,2022-09-10,6:00,C03.C05.C07.E05.E06.E09.E10.G05,112000
550,1,141,116,2022-08-30,9:11,E03.E04.E05.E06,56000
551,11,141,116,2022-08-30,9:11,B07.C07.D07.E07.E08.E09,84000
552,62,141,116,2022-08-30,9:11,A03.A05.A06.A08.A09.A10.C05.C06,112000
553,19,141,27,2022-08-30,12:22,G07,5000
554,49,141,27,2022-08-30,12:22,C04.C05.C06.C07.C08,70000
555,77,141,116,2022-08-30,12:22,D08.E08.G08.H08,40000
556,90,141,27,2022-08-30,12:22,E05.E06.E07.E08,56000
557,99,141,27,2022-08-30,12:22,B03.B04.B05.B06.B07.B08,60000
558,109,141,116,2022-08-30,12:22,B05.C05.D05.E05.F05.G05.G06.G07,112000
559,135,141,27,2022-08-30,12:22,F02.G02.H02,42000
560,142,141,27,2022-08-30,12:22,H05,10000
561,165,141,27,2022-08-30,12:22,F04,14000
562,165,141,27,2022-08-30,12:22,I03.I04.I05.I06.I07.I08.I09,98000
563,189,141,27,2022-08-30,12:22,F09.G09.H09.H10.I10,70000
564,190,141,116,2022-08-30,12:22,I05.I07.I08,30000
565,197,141,116,2022-08-30,12:22,E09.E10.F10.G09.G10.H09.I09.I10,80000
566,17,141,116,2022-08-30,15:33,D01.E01.F01.F02.F03.F04.F06,98000
567,42,141,116,2022-08-30,15:33,B08.C08.D08.F08.G08.H08.I08.J08,112000
568,66,141,116,2022-08-30,15:33,B02.C02.D02.E03.E04.E05.E06.E07,112000
569,159,141,116,2022-08-30,15:33,G04.G05.G06.G07.H05.H06.H07,70000
570,198,141,116,2022-08-30,15:33,B03.B04.B06.B07.B09.B10,84000
571,67,141,116,2022-08-30,18:44,E04.E05.E06.E07.E08.E09.F05.F07,112000
572,68,141,116,2022-08-30,18:44,A01.B01.B02.C02.D02.E02.F02.G02,112000
573,96,141,116,2022-08-30,18:44,C04.C05.C08.C10.D03.D04,84000
574,108,141,116,2022-08-30,18:44,F04.F06.F08.F09.F10.H04.H05.H06,112000
575,35,141,116,2022-08-30,21:55,D05.E05.G05.H05.I05.J05,84000
576,59,141,116,2022-08-30,21:55,F05.F06.F07.F08.F09.F10.G07.G08,112000
577,66,141,116,2022-08-30,21:55,D07.D08.D09.D10.I06.I07.I08.I09,112000
578,96,141,116,2022-08-30,21:55,A04.A10.B04.B06.B07.B08.B09.B10,112000
579,120,141,116,2022-08-30,21:55,C03.C05.C07.C10.D02.E02.F02.H02,112000
580,129,141,116,2022-08-30,21:55,C04.D04.F04.G04.H04.H06.H07,98000
581,2,141,116,2022-08-31,9:11,B01.B02.C01.C02.D01.D02.E01.E02,112000
582,118,141,116,2022-08-31,9:11,C04.C05.C06.C07.C08.E07.E08.E09,112000
583,152,141,116,2022-08-31,9:11,D06.E06.F06.G06.I06.J06.J07.J08,112000
584,188,141,116,2022-08-31,9:11,G04.G05.G07.H08.H09.H10.I04,98000
585,179,141,138,2022-09-01,15:33,F02.G02.I02.I03.I04.I05.I06,98000
586,197,141,138,2022-09-01,15:33,D03.D05.D06.D07.D10.F04.F05.F06,112000
587,73,141,116,2022-09-02,18:44,D04.D05.D06.D07.G05.G06.G07.G08,112000
588,11,141,95,2022-09-06,9:11,C04.C05.C06.C07.C09.C10,84000
589,23,141,95,2022-09-06,9:11,I04.I05.I06.J07.J08.J09,72000
590,56,141,95,2022-09-06,9:11,E05.E08.E09.E10.G04.G05,84000
591,77,141,95,2022-09-06,9:11,D07.E07.F07.G07.H07,50000
592,190,141,95,2022-09-06,9:11,C02.E02.G02.H02.I02.J02,30000
593,13,141,116,2022-09-06,12:22,C04.C07.C08.C09,56000
594,22,141,116,2022-09-06,12:22,E05.E07.E08,30000
595,153,141,116,2022-09-06,12:22,C06.D06.E06.F06.H06.I06,72000
596,166,141,116,2022-09-06,12:22,H04,5000
597,87,141,116,2022-09-06,15:33,C04.C07.C08.C09.E05.E06.E07,98000
598,92,141,116,2022-09-06,15:33,G03.G05.G06.G07.G09,70000
599,42,141,116,2022-09-07,12:22,D06.F06.G06.H06.I06.J06,84000
600,76,141,116,2022-09-07,12:22,D05.D07.D09,30000
601,171,141,116,2022-09-07,12:22,C04.C06.C07.C08,56000
602,34,141,96,2022-09-07,18:44,A04.A05.D03.D04.D07.E07.F07.G07,68000
603,123,141,96,2022-09-07,18:44,C05.C06.C07.C09.C10.E02.F02.G02,112000
604,149,141,96,2022-09-07,18:44,G04.G05.G06.H07.H08.H09,60000
605,65,141,162,2022-09-11,12:22,H07.H08.H10.I02,56000
606,83,141,162,2022-09-11,12:22,B04.B05.B06.B07.B08,70000
607,189,141,162,2022-09-11,12:22,C06.D06.E06.F06.G06.H06,60000
608,30,141,116,2022-09-12,21:55,B03.B04.B05.B06.B07,70000
609,47,141,116,2022-09-12,21:55,E01.F01.G01.H01.H03.H04,60000
610,124,141,116,2022-09-12,21:55,D03.D06.D07.D08.D09.D10.F04.F05,80000
611,137,141,116,2022-09-12,21:55,E04.E05.E06.E07.G04.G05,60000
612,157,141,116,2022-09-12,21:55,F06.F08.F09.F10.I04.I06.I07,98000
613,164,141,116,2022-09-12,21:55,J05.J06.J07.J08.J09,50000
614,12,142,84,2022-09-07,18:55,D06.E06.G06.H06.D08.E08,84000
615,121,142,84,2022-09-07,18:55,C03.C04.C05.C06.C07.C08.E04.E05,112000
616,32,142,112,2022-09-09,16:20,A05.A08.A09.A10.B04.B05.B06.C07,112000
617,40,142,112,2022-09-09,16:20,C01.C02.H01.I01.J01.J05.J06.J07,112000
618,104,142,112,2022-09-09,16:20,D04.D05.D06.D07.D08.D09.D10.G04,112000
619,121,142,112,2022-09-09,16:20,G05.G06.G08.I05.I06,50000
620,183,142,112,2022-09-09,16:20,E01.E02.F04.F05.F06.F07.F08,98000
621,3,1,31,2022-08-30,13:45,B03.B04.B05.B06,56000
622,39,143,31,2022-08-30,13:45,E01.F01.G01,42000
623,78,143,31,2022-08-30,13:45,H07.H08.H09.H10,56000
624,108,143,31,2022-08-30,13:45,H02.I02.J02,42000
625,156,143,31,2022-08-30,13:45,F06,14000
626,156,143,31,2022-08-30,13:45,H04,14000
627,176,143,31,2022-08-30,13:45,C05.C06.C07.D07.D08.D09.D10,98000
628,180,143,31,2022-08-30,13:45,E04,14000
629,181,143,31,2022-08-30,13:45,G06.G07.G08.G09.G10.I05,84000
630,50,143,31,2022-09-01,16:20,D04.D05.D06.F06.F07.F08,84000
631,19,143,46,2022-09-06,8:35,E06.E07.E08.E09,56000
632,192,143,46,2022-09-06,8:35,D06.D07.D10.E03.E04,70000
633,33,144,27,2022-08-30,16:40,F03,5000
634,38,144,27,2022-08-30,16:40,D08,14000
635,38,144,27,2022-08-30,16:40,H02,14000
636,55,144,27,2022-08-30,16:40,J06,10000
637,83,144,27,2022-08-30,16:40,C04.C05.C06.C07.E05.E06.E07,98000
638,155,144,27,2022-08-30,16:40,E02,10000
639,184,144,27,2022-08-30,16:40,H04.H05,28000
640,185,144,27,2022-08-30,16:40,H08,10000
641,199,144,27,2022-08-30,16:40,G07,14000
642,14,144,155,2022-09-04,11:20,D08.E08.F08.G08.H08.I08.J07,98000
643,29,144,155,2022-09-04,11:20,D01.D02.F04.F06,40000
644,30,144,155,2022-09-04,11:20,B04.B05.B06.B07.B09.B10.D03.D04,112000
645,18,145,142,2022-09-02,12:06,A04.A05.A06.A07,56000
646,88,148,26,2022-08-30,14:18,I05.I07.I08,42000
647,91,148,26,2022-08-30,14:18,H06.H07.H08.H09.J03.J04,84000
648,128,148,26,2022-08-30,14:18,D04.D05.D06.D08.D09.F05.F06,98000
649,148,148,26,2022-08-30,14:18,G04.G05,28000
650,152,148,26,2022-08-30,14:18,F03,14000
651,196,148,70,2022-09-05,11:32,C04.C05.E05.E06.G06,70000
652,142,148,56,2022-09-08,11:32,D05.D07.D08.F05.F06.F07,72000
653,101,149,25,2022-08-30,14:36,C04.C05.C06.E05.E06,62000
654,101,149,25,2022-08-30,14:36,F04.F05.F06,30000
655,103,149,25,2022-08-30,14:36,D01.D02,28000
656,120,149,25,2022-08-30,14:36,G03.G04.G05.I05.I06.I07.I08,98000
657,176,149,25,2022-08-30,14:36,D03.D04.D05.D06.D07.D08.D09.D10,112000
658,186,149,146,2022-08-31,17:28,D05.D06.F04.F05.H06.H07,84000
659,45,149,160,2022-09-12,17:28,E06.E07.E08.E09.I04.I05.I06,98000
660,95,149,160,2022-09-12,17:28,D04.D05.D06.G05.G06.G07,72000
661,116,150,61,2022-09-04,11:44,D04.D05.D06.D07.D08.G03.G04.G05,112000
662,177,150,61,2022-09-04,11:44,F02.F03.F04.F05.F07.F08.F09.F10,80000
663,50,150,111,2022-09-06,11:44,D05.E05.F05.G05.H05.I05,84000
664,111,150,111,2022-09-06,11:44,B02.C02.D02.E02.F02.G02.H02.I02,112000
665,194,150,111,2022-09-06,11:44,C03.C04.C05.C06.C08.E06.E07.E08,112000
666,131,150,143,2022-09-06,14:36,F08.G08.H08.I08,56000
667,137,150,143,2022-09-06,14:36,F03,10000
668,190,150,143,2022-09-06,14:36,B05.C05.D05.E05.F05.G05.H06.H07,112000
669,29,151,3,2022-08-30,17:24,E01.E02.F03.F04.F05.G06.G07.G08,112000
670,41,151,3,2022-08-30,17:24,C04.C05.C06.C07.C08.E05.E06.E07,112000
671,59,151,3,2022-08-30,17:24,B01.B02.G03.G04.G05.G10.I01.J01,112000
672,117,151,3,2022-08-30,17:24,D03.D04.D05.D06.D07.F06.F07.F08,112000
673,147,151,3,2022-08-30,17:24,D01.D02.E03.E04.E08.E09.E10.F09,112000
674,170,151,3,2022-08-30,17:24,A03.A04.A05.A06.A07.B06.B07.B08,112000
675,186,151,3,2022-08-30,17:24,C01.F02.G02.H02.I02.I03.I04.I05,112000
676,198,151,3,2022-08-30,17:24,H04.H05.H06.H07.H08.H09.I06.I07,112000
677,122,151,3,2022-08-30,20:15,B01.B02.D02.D03.D04.D05.D06.D07,112000
678,122,151,3,2022-08-30,20:15,F04.F05.F06.F07.F08.F09.G06.G07,80000
679,173,151,3,2022-08-30,20:15,C03.C05.C06.C07.C08.C09.E04.E05,112000
680,165,151,88,2022-08-31,11:42,D04.D05.D06.G05.G06.G07,84000
681,1,152,1,2022-08-30,13:00,A05.B05.C05.D05.G05.G06.G07.G08,112000
682,50,152,23,2022-08-30,13:00,H05.H06.H09.H10,56000
683,73,152,1,2022-08-30,13:00,E05.F07.F08.F09.H03.H04.H05.H06,112000
684,93,152,1,2022-08-30,13:00,B02.C02.E02.F01.F02.G01.G02.G04,112000
685,114,152,23,2022-08-30,13:00,B05.B07.B08.B10.C03.C04,84000
686,118,152,23,2022-08-30,13:00,D03.D04.D06.D07.D08.D09,84000
687,149,152,1,2022-08-30,13:00,C03.C04.C06.E04.E06.E07.E08.E09,112000
688,160,152,23,2022-08-30,13:00,E01.E02.G01.I01.I02.J02,84000
689,179,152,23,2022-08-30,13:00,F04.F05.F06.F07.F08.F09.H04,98000
690,187,152,23,2022-08-30,13:00,G05.G06.G07.G08.G09.G10,60000
691,18,152,23,2022-08-30,16:30,B01.C01.D01.E01.F01.G01.H01.I01,112000
692,19,152,23,2022-08-30,16:30,I04.I05.I06,42000
693,53,152,23,2022-08-30,16:30,G02.G03.G04.G05.G07.G08.G09,98000
694,61,152,23,2022-08-30,16:30,F05.F06.F07.F08,56000
695,62,152,1,2022-08-30,16:30,I03.I07.I08.I09.I10.J01.J05.J07,112000
696,64,152,1,2022-08-30,16:30,A02.C02.E02.F02.H02.J02.J03.J04,112000
697,66,152,1,2022-08-30,16:30,D06.D09.E03.E07.E08.E10.F01.F03,112000
698,79,152,1,2022-08-30,16:30,A01.B01.B02.B03.B04.B05.B06.B07,80000
699,81,152,23,2022-08-30,16:30,H03.H06.H07.H08.H09.H10,84000
700,96,152,1,2022-08-30,16:30,D05.D07.D08.D10.E01.E04.E05.E06,112000
701,99,152,1,2022-08-30,16:30,H07.H09.H10.I01.I02.I04.I05.I06,112000
702,99,152,23,2022-08-30,16:30,C04.C05.C06.E04.E06.E07.E08,98000
703,109,152,1,2022-08-30,16:30,J06.J08.J09.J10,56000
704,113,152,1,2022-08-30,16:30,F05.G03.G05.G06.G07.G08.G09.G10,112000
705,129,152,1,2022-08-30,16:30,E09.F04.F06.F07.F08.F09.F10.G01,112000
706,136,152,1,2022-08-30,16:30,B08.B09.B10.C01.C03.C04.C05.C06,40000
707,146,152,1,2022-08-30,16:30,G02.G04.H01.H03.H04.H05.H06.H08,112000
708,185,152,1,2022-08-30,16:30,A03.A04.A05.A06.A07.A08.A09.A10,112000
709,199,152,1,2022-08-30,16:30,C07.C08.C09.C10.D01.D02.D03.D04,80000
710,2,152,1,2022-08-30,20:00,G05.G09.H05.H06.H07.H08.H10.J01,112000
711,7,152,23,2022-08-30,20:00,H03.H04.H05,42000
712,14,152,1,2022-08-30,20:00,B03.C03.C05.C10.D02.D03.D04.D05,112000
713,17,152,23,2022-08-30,20:00,E01.E02,10000
714,18,152,1,2022-08-30,20:00,I08.J02.J03.J04.J05.J06.J07.J08,112000
715,24,152,1,2022-08-30,20:00,A01.A02.A03.A05.A06.A07.A08.A10,112000
716,28,152,1,2022-08-30,20:00,J09.J10,28000
717,69,152,1,2022-08-30,20:00,F03.F04.F05.F06.F07.F08.F09.F10,112000
718,78,152,1,2022-08-30,20:00,H09.I03.I04.I05.I06.I07.I09.I10,112000
719,83,152,1,2022-08-30,20:00,F01.F02.G01.G02.H01.H02.I01.I02,112000
720,113,152,23,2022-08-30,20:00,G05.G06,28000
721,125,152,1,2022-08-30,20:00,E01.E02.E03.E06.E07.E08.E09.E10,112000
722,149,152,1,2022-08-30,20:00,G03.G04.G06.G07.G08.G10.H03.H04,112000
723,165,152,23,2022-08-30,20:00,C03.C04.C05.C06.C07.C08,84000
724,171,152,1,2022-08-30,20:00,A04.A09.B01.B02.B05.B09.C01.C02,112000
725,172,152,1,2022-08-30,20:00,B04.B06.B07.B08.B10.D07.D09.D10,112000
726,174,152,23,2022-08-30,20:00,E04.E05.E06.E07.E08,70000
727,191,152,1,2022-08-30,20:00,C04.C06.C07.C08.C09.D01.D06.D08,112000
728,198,152,23,2022-08-30,20:00,H07.H08.H09.H10,40000
729,14,152,1,2022-08-30,23:30,C03.C04.C06.C07.E05.E07.E08.E09,112000
730,112,152,1,2022-08-30,23:30,G04.G05.G06.G07.G09.I04.I05.I06,112000
731,160,152,23,2022-09-01,13:00,B05.B06.D07.D08,56000
732,184,152,23,2022-09-01,13:00,F04.F05.F06.H05.H06.H07.H08,98000
733,3,152,12,2022-09-01,20:00,C02.D02.E02.F02.G02.H02.I02,98000
734,4,152,12,2022-09-01,20:00,F06.F07.F08.F09.I05.I06.I07.I08,112000
735,7,152,12,2022-09-01,20:00,E03.E04.E05.H08.H09.J03.J04,72000
736,17,152,12,2022-09-01,20:00,B06.B07.B08.B09.B10,70000
737,157,152,12,2022-09-01,20:00,E01.F01.G01,42000
738,160,152,12,2022-09-01,20:00,D04.D05.D06.D07.D08.D09.G04.G05,112000
739,176,152,12,2022-09-01,20:00,A05.A06.A07.A08.A09.C04.C05,98000
740,194,152,12,2022-09-01,20:00,C06.C07.E06.E07,56000
741,200,152,12,2022-09-01,20:00,C08.C09.C10.E08.E09.E10,84000
742,36,152,12,2022-09-02,13:00,D04.D05.D06.D07.D08.D09,84000
743,122,152,12,2022-09-02,13:00,F04.F05.F06.H05.H06.H07.H08.I01,80000
744,46,152,1,2022-09-02,20:00,F06.F07.F08.F09.H05.H06.H07,78000
745,73,152,1,2022-09-02,20:00,J01.J02.J03.J07.J08.J09.J10,82000
746,76,152,1,2022-09-02,20:00,C03.D07.D10.E03,56000
747,77,152,1,2022-09-02,20:00,I07.I08.I09.J04.J05.J06,72000
748,100,152,1,2022-09-02,20:00,I01.I02.I03.I04.I05,70000
749,113,152,1,2022-09-02,20:00,A01.A02.C01.C02.G01.G02.H01.H02,76000
750,123,152,1,2022-09-02,20:00,A08.A09.A10.C08.C09.C10,84000
751,141,152,1,2022-09-02,20:00,I06,14000
752,150,152,1,2022-09-02,20:00,C04.C05.C06.C07.D08.D09,76000
753,151,152,1,2022-09-02,20:00,A03.A04.A05.A06.A07.B01.B02.B03,112000
754,160,152,1,2022-09-02,20:00,D03.D04.D05.D06.G09.G10.H09.H10,86000
755,170,152,1,2022-09-02,20:00,I10,10000
756,173,152,1,2022-09-02,20:00,E04.E05.E06.E07.G04.G05.G06.G07,112000
757,175,152,1,2022-09-02,20:00,F03.F04.F05.G03.G08.H03.H04.H08,100000
758,176,152,1,2022-09-02,20:00,E08.E09.E10.F10,56000
759,189,152,1,2022-09-02,20:00,B04.B05.B06.B07.B08.B09.B10,98000
760,195,152,1,2022-09-02,20:00,D01.D02.E01.E02.F01.F02,58000
761,32,152,93,2022-09-04,13:00,D04.D05.D06.D07.G07.G08.G09.G10,96000
762,99,152,93,2022-09-04,13:00,D08.E08.F08.G03.H03.I03.J03.J05,112000
763,159,152,139,2022-09-04,13:00,C02.D02.E02.F01.F02.G03.G04.G05,112000
764,171,152,93,2022-09-04,13:00,B04.B05.B06.B07.B09.B10.D01.D02,112000
765,176,152,139,2022-09-04,13:00,C03.C04.C05.C06.C08.C09.E06.E07,112000
766,148,152,163,2022-09-04,16:30,D04.D05.D06.F05.F06.F07.H07.H08,112000
767,56,152,178,2022-09-05,13:00,G05.G06.G07.G08.G09,70000
768,64,152,178,2022-09-05,13:00,C03.C05.C06.C07.C09.E04.E05.E06,112000
769,102,152,34,2022-09-05,13:00,D03.D04.D05.F05.F06.F07.H04.H05,112000
770,149,152,178,2022-09-05,13:00,A02.B02.D02.E02.F02.H02.H03.H04,80000
771,165,152,34,2022-09-05,13:00,D02.F02.G02.H02.I04.I06.I08,98000
772,13,152,12,2022-09-05,20:00,E05.E06.E07.E08.E09,70000
773,15,152,12,2022-09-05,20:00,G04.G05.G06.G07.G08.I07.I08.I09,112000
774,140,152,12,2022-09-05,20:00,B04.B05.B06.B07.B08.D06.D07.D08,112000
775,183,152,12,2022-09-05,20:00,D01.E01.F01.G01.H01,50000
776,97,152,167,2022-09-06,16:30,B04.C04.D04.F04.G04.H04,84000
777,143,152,167,2022-09-06,16:30,E06.E07.E08.E09,56000
778,29,152,38,2022-09-06,20:00,D05.D06.D07.E04.F09.F10.G01.G02,112000
779,174,152,38,2022-09-06,20:00,G04.G05.G06.G08.G09,70000
780,51,152,41,2022-09-07,16:30,D04.D05.D06.D10.F01.F02.F03.F04,112000
781,51,152,41,2022-09-07,16:30,G07.G08.G09.G10.I06.I07.I08.I09,112000
782,56,152,41,2022-09-07,16:30,F05.F06.F07.F08.F09.H04.H05.H06,112000
783,59,152,41,2022-09-07,16:30,C04.C05.C06.C07.C09.E03.E04.E05,112000
784,88,152,41,2022-09-07,16:30,A04.A06.A07.A09.C01.D01.E01.G05,112000
785,77,152,145,2022-09-08,13:00,B04.B05.B06.B07.B08,70000
786,106,152,145,2022-09-08,13:00,C06.D06.E06.F06.G06.H06,60000
787,22,152,171,2022-09-09,20:00,J04.J05.J06.J07,40000
788,29,152,171,2022-09-09,20:00,H04.H05.H06.H07.H08.H09,60000
789,55,152,144,2022-09-09,20:00,I04.I05.I06.I07.I08.I10.J09.J10,80000
790,62,152,171,2022-09-09,20:00,C04.C05.C06.C07.C08.C09.E06,98000
791,72,152,144,2022-09-09,20:00,D08.D09.D10.E05,40000
792,82,152,144,2022-09-09,20:00,B06.C06.D06.E06.F06.G06.H06,98000
793,49,152,26,2022-09-10,16:30,C03.C05.C06.C07.C08.C09.F08.F09,112000
794,112,152,26,2022-09-10,16:30,D01.F02.G03.G08.G10.H10,60000
795,144,152,26,2022-09-10,16:30,E03.E05.E06.F06.H05.I08.I09,98000
796,171,152,26,2022-09-10,16:30,D03.D06.E07.G06.H07.I10.J04.J07,108000
797,62,152,188,2022-09-11,20:00,D04.D05.D10.F06.F07.F09.F10.H05,112000
798,112,152,188,2022-09-11,20:00,G03.G05.G06.G07.G08.I05.I06,98000
799,64,152,12,2022-09-11,23:30,C07.C08.C09.G04.G05.J04.J05.J06,112000
800,196,152,12,2022-09-11,23:30,E04.E05.E06.E07.H06.H07.I09,98000
801,31,152,159,2022-09-12,13:00,H03.H04.I05.I06.I07,40000
802,79,152,159,2022-09-12,13:00,A07.A08.A09.A10.C04.C06.C07,98000
803,138,152,159,2022-09-12,13:00,D05.E05.F05.G06,56000
804,12,153,27,2022-08-30,11:58,C09.F09.G09.I09.J09.J10,84000
805,17,153,27,2022-08-30,11:58,C03.C04.C05.C06.E05.E06.E08,98000
806,102,153,27,2022-08-30,11:58,I03.I04.I05.I06.I07.I08,84000
807,200,153,27,2022-08-30,11:58,A07.B07.D07.E07.F07.G07.H05.H06,112000
808,4,153,27,2022-08-30,14:57,G07.G08.G10.H06.H07.H08.H10.I05,112000
809,12,153,14,2022-08-30,14:57,E06.E07.E08.E10.G03,70000
810,57,153,14,2022-08-30,14:57,C05.C06.C07.C08.C09.C10.E03.F05,112000
811,65,153,14,2022-08-30,14:57,E02.F02.G02.H02.I02.J02.J04,98000
812,88,153,14,2022-08-30,14:57,G05.G06.G07.G08.G09.G10,60000
813,97,153,27,2022-08-30,14:57,E03.E06.E07.E08.E09.E10.F03.F04,112000
814,119,153,27,2022-08-30,14:57,D03.D04.D05.D06.D08.F05.F06.F07,112000
815,119,153,27,2022-08-30,14:57,D01.D02.E02.F01.G01.G02.H04.H05,112000
816,103,153,14,2022-08-30,17:56,B04.C04.D04.E04.F04.G04.H04.I04,112000
817,172,153,14,2022-08-30,17:56,G05.G06.G07.G08.G09,50000
818,187,153,14,2022-08-30,17:56,I06.I07.I08.I09.I10,50000
819,189,153,14,2022-08-30,17:56,D03.D05.D07.D08.D09.D10.E06.E07,104000
820,22,153,14,2022-09-01,20:55,G06.G07.G08.G09.G10,70000
821,88,153,14,2022-09-01,20:55,B01.C01.D01.D02.D03,70000
822,90,153,14,2022-09-01,20:55,F01.F02.F03.F04.J03.J04.J05.J06,112000
823,111,153,14,2022-09-01,20:55,C04.C05.C06.C07.G04.G05.H06.H07,78000
824,125,153,14,2022-09-01,20:55,A04.A05.A06.B05.B06.B07.B08.B09,95000
825,147,153,14,2022-09-01,20:55,F05.F06.F07.F08.I05.I06,84000
826,147,153,14,2022-09-01,20:55,D06.D07.D08.D09.D10,70000
827,149,153,14,2022-09-01,20:55,E04.E05.E06.E07.E08.J07.J08.J09,112000
828,153,153,14,2022-09-01,20:55,I08.I09.I10,42000
829,55,153,14,2022-09-04,14:57,B05.B06.B08.B09.E05.F06.F07,98000
830,98,153,14,2022-09-04,14:57,B04.C04.E04.H04.I04.J04,84000
831,137,153,14,2022-09-04,14:57,E06.E07.E08.E09.G06.G07.G08.I06,75000
832,138,153,14,2022-09-04,14:57,A04.A05.A06.D05.D06.D07.F04.F05,112000
833,70,153,147,2022-09-09,14:57,C05.C06.C07.D07.E07.F07.H07.I06,112000
834,183,153,147,2022-09-09,14:57,G03.G04.G05.G06.G07,70000
835,6,153,191,2022-09-10,17:56,A05.A06.A07.A08.E04.E05.G01.G02,104000
836,28,153,191,2022-09-10,17:56,D04.D05.D06.D07.F06.F08.H04.H05,112000
837,33,153,191,2022-09-10,17:56,B04.B06.B07.B09.B10.F04.F05.F07,112000
838,110,153,191,2022-09-10,17:56,G05.G08.G09.G10.H07.H08.H09.I07,112000
839,142,153,191,2022-09-10,17:56,C02.C03.C06.C07.F01.J01.J02.J03,112000
840,183,153,191,2022-09-10,17:56,I05.I06.I08.I09.I10.J05.J06.J07,112000
841,1,160,131,2022-09-03,17:05,E04.E05.E06.E08.E09,70000
842,64,160,45,2022-09-06,10:26,D05.D06.D07.F05.F06.H06.H07.H08,80000
843,67,160,45,2022-09-06,10:26,C04.C06.C07.F07.F09.G04.G05,70000
844,130,161,30,2022-08-30,19:24,H06.H07.H08,30000
845,161,161,30,2022-08-30,19:24,F05.F06.D07.D08.D09,70000
846,7,163,152,2022-09-04,12:57,G04.G06.G07.G08.G09.G10,30000
847,84,163,152,2022-09-04,12:57,B04.B05.B06.B07,40000
848,140,163,152,2022-09-04,12:57,C06.D06.E06,30000
849,12,164,122,2022-09-06,10:28,C04.C06.C07.C08.C09.E05.E06,98000
850,127,166,10,2022-09-04,18:00,D04.D05.F06.F07.H04.H05,76000
851,77,166,10,2022-09-12,10:48,D05.D07.D08.G03.G04.G05.G07,82000
852,11,168,11,2022-08-30,15:45,H03.H04.H05.H06.I06.I07,60000
853,68,168,11,2022-08-30,15:45,B04.B05,28000
854,92,168,11,2022-08-30,15:45,F05,10000
855,122,168,11,2022-08-30,15:45,F08.F09,28000
856,190,168,11,2022-08-30,15:45,D05,14000
857,35,168,11,2022-09-03,13:48,C05.C06.C07.F05.F06.F07.H04.H05,82000
858,132,168,11,2022-09-09,17:42,D05.D06.G04.G05,56000
859,120,170,7,2022-08-30,18:20,B06.B07.B08.D05.D06.D07.D08,98000
860,154,170,7,2022-08-30,18:20,E04.E05.E06.G06.G07,70000
861,165,170,7,2022-08-30,18:20,F06.I04.I05.I06.I07,66000
862,46,170,89,2022-09-12,18:20,F04.F07.F08.F10,40000
863,171,170,89,2022-09-12,18:20,H05.H06,20000
864,183,170,89,2022-09-12,18:20,C04.C05.C06.C08.C09,70000
865,68,171,5,2022-08-30,13:33,C03.C05.C08.C09.C10.E04.E05,98000
866,85,171,5,2022-08-30,13:33,F06.F07.F08.F10.G03.G04.G05.G06,112000
867,108,171,5,2022-08-30,13:33,D02.E02.F02.G02.I02.J02,84000
868,96,171,121,2022-09-05,11:02,D04.D05.G05.G07.G09.I03.I06,98000
869,13,176,181,2022-09-01,12:38,C03.C04.C05.C06.C07.E05.E06.E07,112000
870,126,176,181,2022-09-01,12:38,D04.F04.G04.I02,40000
871,9,178,71,2022-09-01,17:30,C03.C04.E06.E07.E08.E09,84000
872,36,178,71,2022-09-01,17:30,D04.D05.D06.D07.F04.F06.F08.F09,80000
873,113,178,170,2022-09-02,17:30,B04.B05.B06.B07.E05.E06,84000
874,48,185,69,2022-09-04,16:08,G05.G06.G07.G08.G09.I05,84000
875,97,185,69,2022-09-04,16:08,B03.B04.B05.B06.B07.D05.D06.D07,112000
876,118,185,69,2022-09-04,16:08,C07.C08.C09.C10.E04.E05.E06.E07,96000
877,5,185,94,2022-09-06,18:40,E05.E06.E07.E08,40000
878,166,185,94,2022-09-06,18:40,C04.C07.C08.C09.C10.D04.E04.F04,112000
879,173,185,94,2022-09-06,18:40,F07.G07.H07.I07,40000
880,95,186,7,2022-08-31,10:36,I04.I05.I06.I07.J05.J06.J07.J08,112000
881,128,186,7,2022-08-31,10:36,E05.E06.E07.G04.G05.G07.G08,82000
882,178,186,7,2022-08-31,10:36,B04.B05.D04.D05.D06.F06.F07,98000
883,94,186,81,2022-09-06,15:12,B02.D02.E02.F02.G02,70000
884,109,186,81,2022-09-06,15:12,F05.F06.F07.F08,56000
885,139,186,81,2022-09-06,15:12,C04.C05.C06.C08.C09.C10.E04.E05,112000
886,60,193,165,2022-09-03,13:12,B04.D06.D07.D08,56000
887,19,193,50,2022-09-06,18:00,C04.C05.C06.C07.E05.E07.E08,98000
888,49,193,50,2022-09-06,18:00,G03.G04.G05.G06.G07.H01.I01.J01,112000
889,1,193,117,2022-09-10,18:00,E04.E05.G05.G06.G07.G08.I07.I08,112000
890,35,193,117,2022-09-10,18:00,F02.H02.H03.H06.H07.H08.H09.H10,95000
891,35,193,117,2022-09-10,18:00,F06.F07.F08.F09.F10,70000
892,87,193,117,2022-09-10,18:00,C03.C04.C05.C06,56000
893,161,193,117,2022-09-10,18:00,B05.B06.B07.B08.B09.B10.D06.D07,104000
894,12,199,28,2022-08-30,14:51,E04.E06.E07.E08.E09.E10,84000
895,72,199,28,2022-08-30,14:51,H04,14000
896,115,199,28,2022-08-30,14:51,I07,10000
897,125,199,28,2022-08-30,14:51,G05.G07.G08.G10.H05.H07.H09,98000
898,162,199,28,2022-08-30,14:51,F05.F06,28000
899,163,199,28,2022-08-30,14:51,C01.C02.D02.E01.E02.F01.F02.G01,112000
900,196,199,28,2022-08-30,14:51,D04.D06.D07.D08,56000
901,50,199,28,2022-08-30,17:48,E02.F02.G02,42000
902,76,199,28,2022-08-30,17:48,I03.I04.I05.I06.I08.I09.I10,98000
903,81,199,28,2022-08-30,17:48,H04.H05,28000
904,122,199,28,2022-08-30,17:48,F05.F06.G07,42000
905,149,199,28,2022-08-30,17:48,B01.B02.D04.D05.D06.D07.D08.D09,80000
906,150,199,28,2022-08-30,17:48,E04,14000
907,174,199,28,2022-08-30,17:48,C05.C06,20000
908,194,199,40,2022-08-31,8:57,D06.D07.F04.F06.F07.H04,84000
909,8,199,28,2022-09-07,17:48,B01.C01.D01.F01.G01.H01.J01.J04,112000
910,18,199,28,2022-09-07,17:48,D04.D06.D07.D08.D10.E05,60000
911,59,199,28,2022-09-07,17:48,C04.C05.C06.C07.C08.C09.F07.F08,112000
912,76,199,28,2022-09-07,17:48,F03.F04.F05.F06.G07.G08.G09,60000
913,111,199,28,2022-09-07,17:48,F09.F10.H03.H04.H05.H06.H07.H08,88000
914,128,199,28,2022-09-07,17:48,A04.A05.A06.A07.B05.B06.B07,98000
915,196,199,28,2022-09-07,17:48,D02.E02.F02.G02.H02.I09.I10.J02,70000
916,46,199,136,2022-09-08,17:48,E07.F07.G07.H07.I07,70000
917,130,199,136,2022-09-08,17:48,H03.H04.H05.H06,56000
918,175,199,136,2022-09-08,17:48,C03.C04.C06.C07.C08.C09.F05.F06,112000
919,178,199,136,2022-09-08,17:48,C02.D02.E02.G02.H02.I02.J02.J03,80000
920,107,202,154,2022-09-08,18:06,D04.D05.E06.E07,56000
921,41,211,91,2022-09-02,13:52,C04.C05,28000
922,94,214,90,2022-09-01,12:10,C04.C05.C06.C07.E05.E06.G06,70000
923,21,215,92,2022-09-04,10:42,B04.B05.B06.B07.B08.B09,60000
924,180,215,92,2022-09-04,10:42,F05.F06.F07.F09.F10.H03.H04.H05,112000
925,156,215,72,2022-09-04,13:03,D04.D05.D07.F06.F07.F08.F09,98000
926,199,217,34,2022-09-07,11:20,C04.C05.C06.F06.F08.F09.F10,98000
927,102,218,102,2022-09-04,9:50,F05.F06.H04,42000
928,119,218,73,2022-09-07,21:20,D04.D05.D06.F04.F05.H05.J01.J02,112000
929,34,221,142,2022-09-01,12:04,C07.D07.E07.F07.G07.H07,60000
930,135,221,142,2022-09-01,12:04,H04.H05.H06,30000
931,147,221,142,2022-09-01,12:04,C05.D05.E05.F05,40000
932,36,223,59,2022-09-07,10:24,E06.E07.H04.H05.H07.H08.H09,98000
933,37,223,59,2022-09-07,10:24,D04.D05.D06.F05.F06.F07,84000
934,23,225,16,2022-09-03,20:48,D04.D05.D06.D07.F06.F07.F08.F09,112000
935,100,225,16,2022-09-03,20:48,G04.G06.G07.I06.I08.I10.J04,86000
936,31,228,103,2022-08-30,15:44,D01.F01.H02.I02.J05.J06,58000
937,44,228,103,2022-08-30,15:44,A06.A09.A10.C04.C05.C06.G04.G06,112000
938,92,228,103,2022-08-30,15:44,D04.D05.D06.F06.F07.F08.H04.I08,112000
939,157,228,103,2022-09-02,8:26,E04.E06.G07.G08.G09,70000
940,78,228,179,2022-09-08,10:52,E08.J06.J07,42000
941,162,228,179,2022-09-08,10:52,D04.D03.F03.G04.H05.I05.J05,98000
942,184,228,179,2022-09-08,10:52,E05.D06.D07.F07.G06,70000
943,119,235,109,2022-09-01,8:29,C04.C05.C06.F05.F06.H07.H08.I05,87000
944,178,235,97,2022-09-08,10:58,C05.C07.F06.F07.F08.F09.F10.G04,94000
945,11,237,190,2022-08-30,9:02,G06.G07,10000
946,72,237,190,2022-08-30,9:02,I04.I05.I06,30000
947,109,237,190,2022-08-30,9:02,F04.F05,28000
948,22,237,1,2022-08-30,12:04,B04.B05.B06.B07,56000
949,170,237,1,2022-08-30,12:04,D04.D05.D06.F06.F07.F09.F10,50000
950,5,237,1,2022-08-30,15:06,A04.A05.A06.D03.D04.D05.D06.D08,112000
951,115,237,1,2022-08-30,15:06,B02.D02.E02.F02.G02.G03.G04,98000
952,167,237,1,2022-08-30,15:06,F04.F05.F06.F07.F08.F09.G07.G08,112000
953,197,237,1,2022-08-30,15:06,E05.E06.E07.E08.E09.E10.G05.H05,112000
954,7,237,157,2022-08-31,9:02,E07,14000
955,63,237,157,2022-08-31,9:02,D04.D05.D06,42000
956,78,237,157,2022-08-31,9:02,G05.G06.G07.G08.G09,50000
957,64,237,1,2022-08-31,12:04,F03.F04.F05.F06.F07.F08.H06.H07,112000
958,78,237,1,2022-08-31,12:04,B04.B09.C04.C06.C07,70000
959,142,237,1,2022-08-31,12:04,D01.E01.G02.H02.I02.J02.J03.J04,112000
960,190,237,1,2022-08-31,12:04,D05.D06.D07.D08.D09.E04.E05.E06,112000
961,55,237,1,2022-09-02,12:04,F08.F09.F10,42000
962,87,237,1,2022-09-02,12:04,E05.E06.E07.E08.E09,70000
963,99,237,1,2022-09-02,12:04,H08.H09.H10,30000
964,155,237,1,2022-09-02,12:04,C03.C04.C05.C06,56000
965,171,237,1,2022-09-02,12:04,G04.G05,28000
966,54,237,18,2022-09-02,18:08,C01.G01.H01.H05.H06.H08.H09.H10,112000
967,105,237,18,2022-09-02,18:08,G05.G07.G08.G09.G10.I03.I08.J01,112000
968,123,237,18,2022-09-02,18:08,D04.D06.D07.D08.D09.F04.F05.F06,112000
969,138,237,18,2022-09-02,18:08,B03.B04.B05.B06.E05,50000
970,114,237,72,2022-09-04,9:02,E06.E07.G04.G05.G06.G07,76000
971,128,237,72,2022-09-04,9:02,B04.B05,20000
972,88,237,72,2022-09-07,15:06,D03.D04.D05.D06.F04.H06.H07.H08,112000
973,109,237,72,2022-09-07,15:06,B05.B06.B08.B09.F06.F09.G04.G05,80000
974,1,238,29,2022-08-30,11:34,G01,10000
975,15,238,29,2022-08-30,11:34,D03.D04.D05.D06.D07,70000
976,29,238,29,2022-08-30,11:34,H05,10000
977,64,238,29,2022-08-30,11:34,G04.G05.G06.G07,40000
978,81,238,29,2022-08-30,11:34,F04,14000
979,84,238,29,2022-08-30,11:34,I07.I08.I09.I10,56000
980,126,238,29,2022-08-30,11:34,C02.C03.C04,42000
981,137,238,29,2022-08-30,11:34,G09,5000
982,184,238,29,2022-08-30,11:34,E04.E05.E06.E08.E09.E10,84000
983,117,238,83,2022-09-07,8:47,A06.B06.C06.D06.E06.F06.G06,98000
984,145,238,83,2022-09-07,8:47,C04.C05.C07.C08.C09.C10.E05,98000
985,71,238,129,2022-09-07,17:08,C04.C05.C08.C09.C10.F05.F06.F07,112000
986,64,238,23,2022-09-10,11:34,D04.D05.F05.F06.H05.H06,84000
987,2,239,148,2022-09-01,12:22,D04,10000
988,180,239,148,2022-09-01,12:22,E04.E05.E06,30000
989,50,239,183,2022-09-02,15:33,G05,14000
990,127,239,183,2022-09-02,15:33,D03.E03.F03.G03,40000
991,185,239,183,2022-09-02,15:33,C04.C05.C06.C07.C08.E05.E06.E08,112000
992,21,241,156,2022-09-03,14:18,E07.F07.G07.H07.I08,70000
993,80,241,156,2022-09-03,14:18,C03.C05.C07.C08.C09.C10.E05.E06,112000
994,3,1,52,2022-09-06,17:04,H04.H05,28000
995,79,241,52,2022-09-06,17:04,E02.F02.G02.H02.I02,70000
996,83,241,52,2022-09-06,17:04,D04.D05.D06.D07.D08.F06.F07.F08,112000
997,30,243,18,2022-09-06,9:03,E05.E06.E07.E08.H04.H05.H06.H07,112000
998,59,243,18,2022-09-06,9:03,F05.F07.F09.H08,56000
999,129,244,25,2022-09-02,12:06,C03.C04.C05.E06.E07.E08,60000
1000,129,244,117,2022-09-09,18:12,D04.D05.G05.H07.H08,70000
